name;prediction
102_322_g0_1k.jpg;sparse
102_437_g0_1k.jpg;dense
103_1828_g0_1k.jpg;dense
105_3113_g0_1b.jpg;dense
105_3130_g0_2b.jpg;sparse
105_3475_g0_1b.jpg;sparse
106_2795_g0_1b.jpg;dense
106_2815_g0_1b.jpg;dense
106_3119_g0_1b.jpg;sparse
10_2779_g0_1b.jpg;dense
10_2784_g0_1b.jpg;dense
10_3148_g0_2b.jpg;dense
123_7946_g0_1b.jpg;dense
123_8006_g0_1b.jpg;dense
161_8653_g0_1b.jpg;dense
161_8673_g0_1b.jpg;dense
161_8695_g0_1b.jpg;dense_leafless
189_10151_g0_1b.jpg;dense
192_3075_g0_1b.jpg;sparse
193_3319_g0_1b.jpg;dense
194_1407_g0_1b.jpg;dense
194_8607_g0_1b.jpg;dense
196_2922_g0_1b.jpg;dense
197_1287_g0_1b.jpg;sparse
197_1317_g0_1b.jpg;sparse
197_7945_g0_1b.jpg;dense
198_2857_g0_1k.jpg;dense
198_3721_g0_1k.jpg;dense
198_3864_g1_1k.jpg;dense
198_3924_g0_1k.jpg;dense
199_2150_g0_1k.jpg;dense
201_10612_g0_1b.jpg;sparse
202_8421_g0_1b.jpg;dense
212_8440_g0_1b.jpg;sparse
213_7275_g0_1b.jpg;dense
239_6907_g0_1b.jpg;dense
277_6526_g0_1k.jpg;dense
279_3852_g0_1k.jpg;sparse
280_3796_g0_1k.jpg;sparse
283_1969_g0_1k.jpg;dense
283_2228_g0_1k.jpg;sparse
29_3697_g0_1k.jpg;dense
29_4761_g0_1k.jpg;dense
29_4841_g0_2k.jpg;dense
29_4911_g0_1k.jpg;dense
29_4928_g0_1k.jpg;dense
29_4950_g0_1k.jpg;dense
31_4619_g0_1k.jpg;dense
31_4622_g0_1k.jpg;dense
31_4659_g0_1k.jpg;dense
31_4661_g0_1k.jpg;dense
31_4664_g0_2k.jpg;dense
31_4669_g0_2k.jpg;dense
31_4670_g0_1k.jpg;dense
31_4692_g0_1k.jpg;dense
31_4706_g0_1k.jpg;dense
31_4708_g0_1k.jpg;dense
31_4721_g1_1k.jpg;dense
31_4722_g0_1k.jpg;dense
31_4730_g0_2k.jpg;dense
31_4741_g0_1k.jpg;dense
31_4742_g0_1k.jpg;dense
31_4744_g1_1k.jpg;dense
31_4747_g0_1k.jpg;dense
31_4758_g0_1k.jpg;dense
31_4763_g0_1k.jpg;dense
31_4777_g0_1k.jpg;dense
31_4779_g0_2k.jpg;dense
31_4780_g0_1k.jpg;dense
31_4781_g0_2k.jpg;dense
31_4782_g0_2k.jpg;dense
31_4785_g0_2k.jpg;dense
31_4803_g0_1k.jpg;dense
31_4809_g0_1k.jpg;dense
31_4826_g0_1k.jpg;dense
31_4841_g0_1k.jpg;dense
31_4854_g0_1k.jpg;dense
31_4860_g0_1k.jpg;dense
31_4865_g0_2k.jpg;dense
31_4869_g0_1k.jpg;dense
31_4879_g0_1k.jpg;dense
31_4884_g0_1k.jpg;dense
31_4886_g0_2k.jpg;dense
31_4891_g0_1k.jpg;dense
41_2756_g0_1k.jpg;dense
104_3028_g0_1b.jpg;open
104_3048_g0_1b.jpg;open
129_1762_g0_4b.jpg;dense_leafless
129_1785_g0_4b.jpg;dense_leafless
129_1905_g0_3b.jpg;dense_leafless
129_1945_g0_3b.jpg;dense_leafless
129_3288_g0_1b.jpg;dense_leafless
129_3290_g0_1b.jpg;dense_leafless
129_3318_g0_1b.jpg;dense_leafless
130_1293_g0_3b.jpg;dense_leafless
130_1413_g0_1b.jpg;dense_leafless
131_1425_g0_3b.jpg;dense_leafless
132_405_g0_1b.jpg;dense_leafless
136_281_g0_1l1k.jpg;sparse_leafless
136_302_g0_2k.jpg;dense_leafless
136_307_g0_2l1k.jpg;dense_leafless
140_1923_g1_1k.jpg;dense_leafless
155_2023_g0_1b.jpg;dense_leafless
155_2103_g0_1b.jpg;dense_leafless
155_2485_g0_1b.jpg;dense_leafless
155_2625_g0_1b.jpg;dense_leafless
156_366_g0_1b.jpg;dense_leafless
156_423_g0_1b.jpg;dense_leafless
162_7520_g0_1b.jpg;dense_leafless
162_7526_g0_2b.jpg;dense_leafless
162_8441_g0_1b.jpg;dense_leafless
162_8482_g0_1b.jpg;dense_leafless
162_8504_g0_1b.jpg;dense_leafless
162_8508_g0_1b.jpg;dense_leafless
162_8512_g0_1b.jpg;dense_leafless
162_8520_g0_1b.jpg;dense_leafless
163_7490_g0_1b.jpg;dense_leafless
163_7550_g0_4b.jpg;dense_leafless
163_7570_g0_1b.jpg;dense_leafless
163_7630_g1_1b.jpg;dense_leafless
20_5618_g0_1b.jpg;sparse_snow
229_1009_g0_1c.jpg;dense
229_1917_g0_1c.jpg;sparse_leafless
229_1931_g0_1c.jpg;open_leafless
230_1479_g0_1c.jpg;dense_leafless
230_5074_g0_1c.jpg;dense_leafless
235_3681_g0_1k.jpg;dense_leafless
235_6047_g0_1k.jpg;dense_leafless
236_11330_g0_1b.jpg;dense_leafless
236_11340_g0_1b.jpg;dense_leafless
236_11672_g0_1b.jpg;dense_leafless
236_11896_g0_1b.jpg;dense_leafless
237_11946_g0_1b.jpg;dense_leafless
240_2193_g0_1b.jpg;dense_leafless
240_2514_g0_1b.jpg;dense_leafless
240_2519_g0_1b.jpg;dense_leafless
242_10632_g0_1b.jpg;dense_leafless
242_10635_g0_1b.jpg;dense_leafless
242_12022_g0_1b.jpg;dense_leafless
243_5734_g0_1k.jpg;dense_leafless
243_5913_g0_1k.jpg;dense_leafless
244_6153_g0_1k.jpg;dense_leafless
244_6788_g0_1k.jpg;dense_leafless
245_1003_g0_1k.jpg;dense_leafless
224_14272_g0_1c.jpg;dense_snow
80_5219_g0_1k.jpg;dense_snow
81_5569_g0_1k.jpg;dense_snow
81_5589_g0_1k.jpg;dense_snow
81_5892_g0_1k.jpg;dense_snow
81_5922_g0_1k.jpg;dense_snow
81_5947_g0_1k.jpg;dense_snow
81_5967_g0_1k.jpg;dense_snow
81_5982_g0_1k.jpg;dense_snow
103_1428_g0_1k.jpg;open
104_1054_g0_1b.jpg;open
104_1605_g0_1b.jpg;open
104_1785_g0_1b.jpg;open
104_1805_g0_1b.jpg;open
104_582_g0_1b.jpg;sparse
104_732_g0_2b.jpg;open
104_752_g0_2b.jpg;open
104_792_g0_1b.jpg;open
104_792_g1_2b.jpg;open
104_862_g1_2b.jpg;open
104_934_g1_2b.jpg;open
104_942_g1_2b.jpg;open
105_1046_g0_3b.jpg;open
105_1136_g0_1b.jpg;open
105_2870_g0_2b.jpg;open
105_2925_g0_1b.jpg;open
105_2930_g0_2b.jpg;open
10_2544_g0_1b.jpg;open
10_2544_g1_1b.jpg;open
10_2549_g0_1b.jpg;open
10_2549_g1_1b.jpg;open
10_2579_g0_2b.jpg;open
10_2678_g0_1b.jpg;open
119_1565_g0_1b.jpg;open
119_1625_g0_1b.jpg;open
119_1655_g0_1b.jpg;open
119_1775_g0_1b.jpg;open
119_1805_g0_1b.jpg;open
119_1945_g0_1b.jpg;open
119_1975_g0_1b.jpg;sparse
123_10141_g0_1b.jpg;sparse
123_8426_g0_1b.jpg;open
123_8446_g0_1b.jpg;open
123_8466_g0_1b.jpg;open
123_8496_g0_1b.jpg;open
143_3242_g0_2b.jpg;open
143_3260_g0_6b.jpg;open
143_3261_g0_6b.jpg;open
143_3299_g0_11b.jpg;open
143_3320_g0_16b.jpg;open
143_3385_g0_17b.jpg;open
143_3516_g0_14b.jpg;open
143_3518_g2_1b.jpg;open
143_3526_g1_19b.jpg;open
143_3644_g0_4b.jpg;open
143_3645_g0_6b.jpg;open
143_3662_g0_8b.jpg;open
143_3678_g0_5b.jpg;open
143_3708_g0_1b.jpg;open
143_5718_g1_1g.jpg;open
143_5734_g0_1b.jpg;open
143_5862_g1_2b.jpg;open
143_6004_g1_1b.jpg;open
143_6169_g0_22b.jpg;open
143_6208_g0_20b.jpg;open
143_6247_g0_8b.jpg;open
143_6277_g0_4b.jpg;open
143_6282_g0_2b.jpg;open
159_2193_g0_1b.jpg;open
159_3517_g0_2b.jpg;open
159_4748_g0_2b.jpg;open
159_4778_g0_2b.jpg;open
159_4808_g0_2b.jpg;open
159_4838_g0_2b.jpg;open
159_4868_g0_1b.jpg;open
159_4871_g0_1b.jpg;open
159_4875_g0_1b.jpg;open
161_2810_g0_2b.jpg;sparse
161_7789_g0_1b.jpg;open
161_7879_g0_1b.jpg;open
161_7889_g0_1b.jpg;open
161_7919_g0_1b.jpg;open
188_1015_g0_4b.jpg;sparse
188_1045_g1_1b.jpg;open
188_1354_g1_1b.jpg;sparse
188_1604_g1_3b.jpg;open
188_1684_g0_1b.jpg;sparse
188_1791_g0_1b.jpg;open
188_1824_g0_1b.jpg;sparse
188_26_g0_2b.jpg;open
188_27_g0_2b.jpg;open
188_30_g0_2b.jpg;open
188_746_g0_1b.jpg;open
188_752_g0_2b.jpg;open
188_774_g0_3b.jpg;open
188_791_g0_4b.jpg;open
189_0_g0_1b.jpg;open
189_1145_g1_1b.jpg;open
189_1285_g2_1b.jpg;open
189_1415_g1_1b.jpg;sparse
189_1782_g0_1b.jpg;open
190_1063_g1_1b.jpg;open
190_1101_g1_1b.jpg;open
190_1761_g0_1b.jpg;open
190_19_g0_1b.jpg;open
190_615_g0_1b.jpg;open
191_1345_g0_1b.jpg;open
191_1413_g0_1b.jpg;open
192_135_g0_1b.jpg;open
192_1560_g0_2b.jpg;open
192_18_g0_1b.jpg;open
192_256_g0_2b.jpg;open
192_260_g0_2b.jpg;open
192_526_g0_1b.jpg;open
192_773_g0_3b.jpg;open
192_803_g0_3b.jpg;open
192_950_g0_1b.jpg;open
193_1031_g1_1b.jpg;open
193_1088_g0_1b.jpg;open
193_1111_g1_2b.jpg;open
193_1860_g1_1b.jpg;open
193_1920_g0_1b.jpg;open
193_305_g0_1b.jpg;open
193_70_g0_1b.jpg;open
193_909_g0_1b.jpg;open
194_1662_g1_1b.jpg;open
194_709_g0_1b.jpg;open
194_7499_g0_1b.jpg;open
195_1246_g1_1b.jpg;open
195_1423_g1_1b.jpg;open
195_1424_g1_1b.jpg;open
195_1474_g1_1b.jpg;open
195_1616_g2_1b.jpg;sparse
195_1661_g0_1b.jpg;open
195_1661_g1_1b.jpg;sparse
195_1702_g0_1b.jpg;open
195_7338_g0_1b.jpg;open
195_7418_g0_1b.jpg;open
195_7538_g0_1b.jpg;open
195_7558_g0_1b.jpg;open
195_7574_g0_1b.jpg;open
195_7617_g0_1b.jpg;open
195_899_g0_1b.jpg;open
195_979_g0_1b.jpg;open
196_1531_g0_1b.jpg;open
196_473_g0_1b.jpg;open
196_583_g0_1b.jpg;open
196_7504_g1_1b.jpg;open
196_7604_g0_1b.jpg;open
196_7613_g0_1b.jpg;open
196_7654_g0_2b.jpg;open
196_8297_g1_1b.jpg;open
196_8337_g1_1b.jpg;open
196_8377_g1_1b.jpg;open
196_954_g0_1b.jpg;open
197_1377_g1_1b.jpg;open
197_1437_g0_1b.jpg;open
197_1527_g0_1b.jpg;open
197_1730_g0_1b.jpg;open
197_1784_g0_1b.jpg;open
197_690_g0_1b.jpg;open
197_7400_g0_1b.jpg;open
197_7570_g0_1b.jpg;open
197_7600_g0_1b.jpg;open
197_7640_g0_1b.jpg;open
197_7641_g0_1b.jpg;open
197_799_g0_1b.jpg;open
197_8418_g0_1b.jpg;sparse
197_949_g0_1b.jpg;open
199_1584_g0_1k.jpg;open
199_1604_g0_1k.jpg;open
199_1664_g0_1k.jpg;open
199_1794_g0_1k.jpg;open
199_1814_g0_1k.jpg;open
202_7611_g0_1b.jpg;open
204_1379_g0_1b.jpg;open
204_1399_g0_1b.jpg;open
204_1402_g0_1b.jpg;open
204_1443_g0_1b.jpg;open
204_951_g0_1b.jpg;open
212_8230_g0_1b.jpg;open
213_1077_g0_2b.jpg;open
213_1549_g0_2b.jpg;open
213_7445_g0_1b.jpg;open
213_7635_g0_1b.jpg;open
213_7665_g0_1b.jpg;open
213_8261_g0_1b.jpg;open
213_8301_g0_1b.jpg;open
213_8401_g0_1b.jpg;open
213_840_g0_1b.jpg;open
213_8441_g0_1b.jpg;open
213_937_g0_1b.jpg;open
215_1314_g0_1b.jpg;open
215_1404_g1_1b.jpg;open
215_1524_g0_1b.jpg;open
215_1537_g0_1b.jpg;open
215_1597_g0_1b.jpg;open
215_2867_g0_1b.jpg;open
246_4163_g0_1l.jpg;open_leafless
246_597_g0_2l.jpg;open
246_661_g0_2l1k.jpg;open
246_691_g0_3l.jpg;open_leafless
248_21368_g0_4b.jpg;open
248_21376_g0_4b.jpg;open
248_21385_g0_4b.jpg;open
248_21524_g0_4b.jpg;open
248_21660_g0_3b.jpg;open
248_22486_g0_5b.jpg;open
248_22491_g0_6b.jpg;open
249_4325_g0_3b.jpg;open_leafless
249_4346_g1_1b.jpg;open_leafless
249_4376_g0_11b.jpg;open
249_4436_g0_12b.jpg;open
249_4527_g0_1b.jpg;open
249_4527_g1_6b.jpg;open
249_4597_g0_1b.jpg;open
276_2615_g1_3k.jpg;sparse
276_2765_g1_3k.jpg;sparse
276_5121_g0_4k.jpg;open
276_5233_g1_1k.jpg;open
276_6184_g0_1k.jpg;open
276_6257_g1_1k.jpg;open
276_6267_g1_1k.jpg;open
276_6277_g0_1k.jpg;sparse
276_6287_g1_1k.jpg;sparse
276_6301_g1_1k.jpg;open
276_6367_g0_2k.jpg;open
276_6377_g1_1k.jpg;open
276_9120_g0_1k.jpg;open
276_9125_g0_1k.jpg;open
276_9132_g1_1k.jpg;open
276_9143_g1_1k.jpg;open
276_9160_g0_2k.jpg;open
276_9211_g0_1k.jpg;open
277_6610_g0_2k.jpg;sparse
277_6631_g0_1k.jpg;open
277_6648_g0_2k.jpg;sparse
277_9398_g0_1k.jpg;open
280_5866_g0_2k.jpg;sparse
282_4985_g0_2k.jpg;open
282_4990_g0_2k.jpg;open
282_4993_g0_1k.jpg;open
282_6035_g0_1k.jpg;open
282_6088_g0_3k.jpg;sparse
282_8436_g0_1k.jpg;open
282_8490_g0_1k.jpg;open
282_8978_g0_2k.jpg;open
282_9003_g1_2k.jpg;open
282_9017_g1_2k.jpg;open
282_9057_g1_2k.jpg;open
282_9192_g0_3k.jpg;open
282_9252_g0_5k.jpg;open
282_9304_g1_2k.jpg;open
282_9321_g0_3k.jpg;open
282_9360_g0_1k.jpg;open
282_9470_g0_1k.jpg;sparse
283_2672_g1_1k.jpg;open
283_2692_g0_2k.jpg;open
283_2702_g0_2k.jpg;open
283_5448_g0_1k.jpg;open
283_5469_g0_1k.jpg;open
284_2486_g1_1k.jpg;open
284_5071_g0_1k.jpg;open
284_5102_g0_1k.jpg;open
284_5109_g0_1k.jpg;sparse
284_5132_g1_1k.jpg;open
28_1391_g0_1k.jpg;open
28_1394_g0_1k.jpg;open
28_1398_g0_1k.jpg;open
28_1400_g0_1k.jpg;open
28_1405_g0_1k.jpg;open
28_1417_g0_1k.jpg;sparse
28_1418_g0_1k.jpg;sparse
129_1671_g0_1b.jpg;open_leafless
129_1997_g0_1b.jpg;open_leafless
134_170_g0_4k.jpg;open_leafless
134_255_g0_1k1l.jpg;open_leafless
134_275_g0_1k1l.jpg;open_leafless
134_285_g0_1k.jpg;open_leafless
134_328_g0_1k.jpg;open_leafless
134_80_g0_1k.jpg;sparse_leafless
135_1529_g0_1l1k.jpg;open_leafless
135_1538_g0_1k1l.jpg;open_leafless
135_1572_g0_1l.jpg;open_leafless
135_1609_g0_1l1k.jpg;open_leafless
135_1614_g0_1l1k.jpg;open_leafless
135_1637_g1_3k.jpg;open_leafless
135_1659_g0_1k1l.jpg;open_leafless
135_1910_g0_1l.jpg;open_leafless
135_1957_g0_2k1l.jpg;open_leafless
135_1977_g0_2k1l.jpg;open_leafless
135_2041_g0_1k1l.jpg;open_leafless
135_2051_g0_1k1l.jpg;open_leafless
135_2061_g0_1k.jpg;open_leafless
135_219_g0_1k.jpg;open_leafless
135_3248_g0_1k.jpg;open_leafless
135_3348_g0_3k1l.jpg;open_leafless
135_3408_g0_3k1l.jpg;sparse_leafless
136_116_g0_1k.jpg;open_leafless
136_126_g0_1l1k.jpg;open_leafless
136_1655_g0_1k.jpg;open_leafless
136_1664_g0_1k.jpg;open_leafless
136_1686_g0_1k.jpg;open_leafless
136_1694_g0_1k.jpg;open_leafless
137_1742_g0_2k1l.jpg;open_leafless
137_1762_g0_2k1l.jpg;open_leafless
137_1772_g0_1l1k.jpg;open_leafless
137_1772_g1_1k.jpg;open_leafless
137_1792_g0_1l1k.jpg;open_leafless
137_1902_g0_4k.jpg;open_leafless
137_1932_g0_2k.jpg;open_leafless
137_1942_g0_1k.jpg;open_leafless
138_1823_g0_1k.jpg;open_leafless
138_1843_g0_1k.jpg;open_leafless
138_1853_g0_1k.jpg;open_leafless
138_1903_g1_1k.jpg;open_leafless
138_260_g0_1k1l.jpg;open_leafless
138_76_g0_1k.jpg;open_leafless
139_1861_g0_2k.jpg;open_leafless
139_1871_g0_1k.jpg;open_leafless
139_274_g0_2k.jpg;sparse_leafless
140_1267_g0_3k.jpg;sparse_leafless
140_1424_g1_1k.jpg;open_leafless
140_1700_g0_2k.jpg;open_leafless
140_1711_g0_1k.jpg;open_leafless
140_1953_g0_2l.jpg;open_leafless
140_2403_g0_2k.jpg;open_leafless
140_2757_g0_1k.jpg;open_leafless
140_2827_g0_1k.jpg;open_leafless
140_2912_g0_1k.jpg;open_leafless
140_3048_g0_2k.jpg;open_leafless
140_3068_g0_2k.jpg;open_leafless
140_3128_g0_1k.jpg;open_leafless
140_3188_g0_1k.jpg;open_leafless
140_3248_g0_1k.jpg;open_leafless
140_3268_g0_1k.jpg;open_leafless
140_3308_g0_1k.jpg;open_leafless
140_3358_g0_1k.jpg;open_leafless
140_3368_g0_1l.jpg;open_leafless
140_3378_g0_1k1l.jpg;open_leafless
140_3428_g0_1k1l.jpg;open_leafless
140_3498_g0_1l.jpg;open_leafless
140_3578_g0_1l.jpg;open_leafless
140_4058_g0_1k.jpg;open_leafless
140_4088_g0_1k.jpg;open_leafless
140_4188_g0_1k.jpg;open_leafless
140_4236_g0_1k.jpg;open_leafless
140_4348_g0_1k.jpg;open_leafless
140_4408_g0_2k.jpg;open_leafless
140_4428_g0_2k.jpg;open_leafless
141_135_g0_2k.jpg;open_leafless
141_136_g0_1k.jpg;open_leafless
141_1629_g0_1l1k.jpg;open_leafless
141_1649_g0_2k1l.jpg;open_leafless
141_1669_g0_2k1l.jpg;open_leafless
141_1709_g0_2k1l.jpg;open_leafless
141_1729_g0_2k1l.jpg;open_leafless
141_1749_g0_2k1l.jpg;open_leafless
141_1789_g0_1k1l.jpg;open_leafless
141_1809_g0_1k.jpg;open_leafless
141_1819_g0_1k.jpg;open_leafless
141_1899_g0_1k.jpg;open_leafless
141_1963_g0_2k.jpg;open_leafless
141_2063_g0_2k.jpg;open_leafless
141_2429_g1_1k.jpg;open_leafless
141_2439_g1_1k.jpg;open_leafless
141_2529_g0_1k.jpg;open_leafless
141_2539_g1_1k.jpg;open_leafless
141_2579_g0_1k.jpg;open_leafless
141_2619_g1_1k.jpg;open_leafless
141_2659_g0_1k.jpg;open_leafless
141_2779_g0_1k.jpg;open_leafless
141_2789_g1_1k.jpg;open_leafless
141_3575_g0_1k1l.jpg;open_leafless
141_3605_g0_1l1k.jpg;open_leafless
141_3625_g0_1k.jpg;open_leafless
141_3645_g0_1k.jpg;open_leafless
141_3775_g0_1k1l.jpg;open_leafless
141_3785_g0_1l.jpg;open_leafless
142_2023_g0_1l1k.jpg;open_leafless
142_2097_g0_2k.jpg;open_leafless
142_2105_g0_3k.jpg;open
142_2106_g1_1l1k.jpg;open_leafless
142_2182_g1_1l1k.jpg;open_leafless
142_2272_g0_3k1l.jpg;open_leafless
142_2282_g0_3k1l.jpg;open_leafless
142_2312_g0_2k1l.jpg;open_leafless
142_3634_g0_6k1l.jpg;open_leafless
142_3829_g0_1k.jpg;open_leafless
142_4352_g0_1k.jpg;open_leafless
142_4356_g0_1k.jpg;open_leafless
142_4556_g1_1k.jpg;open_leafless
142_4865_g0_2k.jpg;open_leafless
142_4889_g0_2k.jpg;open_leafless
142_505_g0_1k.jpg;sparse_leafless
142_5478_g1_1k.jpg;open_leafless
142_5526_g0_1k.jpg;open_leafless
142_5526_g1_1k.jpg;open_leafless
142_5574_g0_1k.jpg;open_leafless
142_5993_g0_1k.jpg;open_leafless
155_3205_g0_1b.jpg;open_leafless
155_3235_g0_2b.jpg;open_leafless
155_3265_g0_2b.jpg;open_leafless
155_3305_g0_2b.jpg;open_leafless
155_3355_g0_2b.jpg;open_leafless
156_393_g0_2b.jpg;open_leafless
156_3958_g0_1b.jpg;open_leafless
162_7678_g0_1b.jpg;open_leafless
163_6315_g0_1b.jpg;open_leafless
163_6335_g0_1b.jpg;open_leafless
226_6191_g0_2c.jpg;open_leafless
226_6392_g0_2c.jpg;open_leafless
226_6437_g0_2c.jpg;open_leafless
226_6513_g0_1c.jpg;open_leafless
227_2057_g0_2c.jpg;open_leafless
227_2137_g0_1c.jpg;open_leafless
227_2207_g0_3c.jpg;open_leafless
227_5567_g0_1c.jpg;open_leafless
227_5801_g0_1c.jpg;open_leafless
227_5871_g0_2c.jpg;open_leafless
227_5926_g0_1c.jpg;open_leafless
228_11181_g0_2c.jpg;open_leafless
228_11220_g0_2c.jpg;open_leafless
228_11272_g0_1c.jpg;open_leafless
228_18639_g0_1c.jpg;open_leafless
246_1141_g0_2l2k.jpg;open_leafless
246_1141_g1_1l.jpg;open_leafless
246_1181_g1_1l.jpg;open_leafless
246_1181_g2_1l.jpg;open_leafless
246_1301_g0_1l.jpg;open_leafless
246_1411_g0_1l.jpg;open_leafless
246_1556_g0_2k1l.jpg;open_leafless
246_1666_g1_1l.jpg;open_leafless
246_1696_g0_1l.jpg;open_leafless
246_1696_g2_1k1l.jpg;open_leafless
246_1878_g1_1l.jpg;open_leafless
246_1928_g0_1l.jpg;open_leafless
246_1928_g1_2l1k.jpg;open_leafless
246_2088_g0_1k.jpg;open_leafless
246_2088_g2_1k.jpg;open_leafless
246_2108_g1_1l.jpg;open_leafless
246_2168_g1_1k.jpg;open_leafless
246_2208_g2_1k1l.jpg;open_leafless
246_2498_g0_2l1k.jpg;open_leafless
246_2618_g1_1k.jpg;open_leafless
246_2848_g0_3k3l.jpg;open_leafless
246_3078_g0_2l1k.jpg;open_leafless
246_3149_g0_1k.jpg;open_leafless
246_3149_g1_1k.jpg;open_leafless
246_3177_g1_1k.jpg;open_leafless
246_3178_g0_1l.jpg;open_leafless
246_3252_g1_1l.jpg;open_leafless
246_3312_g0_1l.jpg;open_leafless
246_3312_g1_1l.jpg;open_leafless
246_3382_g1_1l.jpg;open_leafless
246_3502_g0_1k1l.jpg;open_leafless
246_3542_g0_1l.jpg;open_leafless
246_3557_g1_1l.jpg;open_leafless
246_3577_g0_1k.jpg;sparse_leafless
246_3577_g1_1l.jpg;open_leafless
246_3672_g0_1l.jpg;open_leafless
246_3862_g0_1l.jpg;open_leafless
246_3973_g1_1l.jpg;open_leafless
246_4165_g0_1k.jpg;open_leafless
246_4211_g0_1k.jpg;open_leafless
246_4361_g0_2k.jpg;open_leafless
246_4411_g0_2k2l.jpg;open_leafless
246_4431_g0_2k2l.jpg;open_leafless
246_4561_g0_3l.jpg;open_leafless
246_4711_g0_2l1k.jpg;open_leafless
246_5101_g0_2k2l.jpg;open_leafless
246_5151_g0_3l2k.jpg;open_leafless
246_6181_g0_3l2k.jpg;open_leafless
246_741_g0_3k2l.jpg;open
246_801_g1_1l.jpg;open_leafless
246_841_g0_5k2l.jpg;open_leafless
247_1001_g0_1c.jpg;open_leafless
247_1312_g0_1c.jpg;open_leafless
247_1435_g0_1c.jpg;open_leafless
247_1520_g0_1c.jpg;open_leafless
247_1520_g1_1c.jpg;open_leafless
247_1741_g1_1c.jpg;open_leafless
247_1755_g1_1c.jpg;open_leafless
247_2579_g1_1c.jpg;open_leafless
247_2696_g0_1c.jpg;open_leafless
247_2952_g0_1c.jpg;open_leafless
247_2982_g0_1c.jpg;open_leafless
247_3087_g0_1c.jpg;open_leafless
247_3107_g0_2c.jpg;open_leafless
247_3211_g1_1c.jpg;open_leafless
247_3430_g0_1c.jpg;open_leafless
247_742_g0_3c.jpg;open_leafless
247_747_g0_1c.jpg;open_leafless
247_864_g0_1c.jpg;open_leafless
249_2942_g0_1b.jpg;open_leafless
249_6762_g0_1b.jpg;open_leafless
249_6786_g0_3b.jpg;open_leafless
249_6805_g0_8b.jpg;open_leafless
249_6875_g0_17b.jpg;open_leafless
249_6907_g0_17b.jpg;open_leafless
249_6978_g0_15b.jpg;open_leafless
249_7021_g0_13b.jpg;open_leafless
249_7069_g0_6b.jpg;open_leafless
250_3891_g0_10b.jpg;open_leafless
250_4051_g0_15b.jpg;open_leafless
250_4111_g0_18b.jpg;open_leafless
250_4242_g0_10b.jpg;open_leafless
250_4255_g0_6b.jpg;open_leafless
250_4280_g0_4b.jpg;open_leafless
250_6260_g0_2b.jpg;open_leafless
250_6300_g0_3b.jpg;open_leafless
250_6473_g0_12b.jpg;open_leafless
250_6523_g0_14b.jpg;open_leafless
250_6606_g0_13b.jpg;open_leafless
250_6638_g0_10b.jpg;open_leafless
250_6640_g0_11b.jpg;open_leafless
250_6695_g0_2b.jpg;open_leafless
250_6762_g0_1b.jpg;open_leafless
250_6782_g0_1b.jpg;open_leafless
251_3625_g0_1b.jpg;open_leafless
251_3762_g0_2b.jpg;open_leafless
251_5812_g0_1b.jpg;sparse_leafless
251_6102_g0_11b.jpg;sparse_leafless
251_6130_g0_11b.jpg;open_leafless
251_6148_g0_8b.jpg;open_leafless
251_6168_g0_10b.jpg;open_leafless
252_3974_g0_2b.jpg;open_leafless
252_4062_g0_3b.jpg;open_leafless
252_4066_g0_4b.jpg;open_leafless
252_4086_g1_1b.jpg;open_leafless
252_4104_g1_1b.jpg;open_leafless
17_14364_g0_1b.jpg;open_snow
17_14377_g0_1b.jpg;open_snow
17_14387_g0_1b.jpg;open_snow
17_14449_g1_1b.jpg;open_snow
17_14459_g0_4b.jpg;sparse_snow
17_14477_g0_4b.jpg;sparse_snow
17_25807_g1_1b.jpg;open_snow
17_25827_g0_1b.jpg;open_snow
17_25857_g0_1b.jpg;open_snow
17_26439_g0_1b.jpg;open_snow
17_26469_g0_1b.jpg;open_snow
17_26579_g0_1b.jpg;open_snow
17_27425_g0_1b.jpg;open_snow
17_27495_g0_1b.jpg;open_snow
224_2811_g0_4c.jpg;open_snow
224_2844_g0_4c.jpg;open_snow
224_2908_g0_4c.jpg;open_snow
224_3059_g0_2c.jpg;open_snow
225_1903_g0_1c.jpg;open_snow
225_4264_g0_1c.jpg;open_snow
225_4370_g1_1c.jpg;open_snow
225_4420_g0_1c.jpg;open_snow
225_4500_g0_1c.jpg;open_snow
225_4510_g0_1c.jpg;open_snow
225_4510_g1_1c.jpg;open_snow
225_4634_g0_1c.jpg;open_snow
225_5017_g0_1c.jpg;open_snow
225_5022_g0_1c.jpg;open_snow
225_5038_g0_1c.jpg;open_snow
225_5039_g0_1c.jpg;open_snow
225_5109_g0_1c.jpg;open_snow
225_5577_g0_1c.jpg;open_snow
225_5897_g0_1c.jpg;open_snow
225_5927_g1_2c.jpg;open_snow
225_6027_g1_1c.jpg;open_snow
225_6188_g0_1c.jpg;open_snow
225_6377_g0_1c.jpg;open_snow
225_6793_g1_1c.jpg;open_snow
225_7022_g0_1c.jpg;open_snow
225_7064_g1_1c.jpg;open_snow
225_7083_g0_1c.jpg;open_snow
225_8306_g0_1c.jpg;open_snow
225_8476_g0_2c.jpg;open_snow
225_8498_g0_1c.jpg;open_snow
225_8819_g1_1c.jpg;open_snow
225_8849_g0_1c.jpg;open_snow
225_8875_g1_2c.jpg;open_snow
225_8935_g0_1c.jpg;open_snow
225_8935_g1_2c.jpg;open_snow
225_8975_g1_2c.jpg;open_snow
225_9079_g2_1c.jpg;open_snow
225_9136_g0_1c.jpg;open_snow
225_9173_g1_1c.jpg;open_snow
225_9196_g0_1c.jpg;open_snow
225_9203_g1_1c.jpg;open_snow
225_9203_g2_1c.jpg;open_snow
225_9293_g0_1c.jpg;open_snow
225_9293_g1_1c.jpg;open_snow
225_9356_g2_1c.jpg;open_snow
225_9383_g0_1c.jpg;open_snow
225_9526_g0_1c.jpg;open_snow
225_9526_g2_1c.jpg;open_snow
225_9629_g0_1c.jpg;open_snow
225_9629_g1_1c.jpg;open_snow
225_9700_g0_1c.jpg;open_snow
225_9930_g0_1c.jpg;open_snow
55_10248_g0_1b.jpg;open_snow
55_10286_g0_1b.jpg;open_snow
55_4569_g0_1b.jpg;open_snow
55_4670_g0_4b.jpg;open_snow
55_4704_g0_3b.jpg;open_snow
55_4830_g0_2b.jpg;open_snow
55_4860_g0_1b.jpg;open_snow
55_4867_g0_2b.jpg;open_snow
55_4904_g0_3b.jpg;open_snow
55_6694_g0_4b.jpg;open_snow
55_6700_g0_2b.jpg;open_snow
55_6714_g0_2b.jpg;open_snow
55_6728_g0_2b.jpg;open_snow
55_6828_g0_1b.jpg;sparse_snow
101_1491_g0_1k.jpg;sparse
103_1498_g0_1k.jpg;sparse
104_1142_g0_1b.jpg;sparse
104_1422_g0_2b.jpg;sparse
104_1442_g0_2b.jpg;sparse
104_1462_g0_2b.jpg;sparse
104_1525_g0_2b.jpg;sparse
104_1535_g0_2b.jpg;sparse
104_1565_g0_2b.jpg;sparse
104_521_g0_1b.jpg;sparse
104_602_g0_2b.jpg;sparse
104_894_g0_2b.jpg;sparse
104_902_g1_2b.jpg;sparse
104_954_g0_2b.jpg;sparse
105_1216_g0_3b.jpg;open
105_1446_g0_3b.jpg;sparse
105_1476_g0_2b.jpg;sparse
105_1496_g0_3b.jpg;sparse
105_2985_g0_3b.jpg;sparse
105_2990_g0_3b.jpg;sparse
105_3005_g0_3b.jpg;sparse
105_3010_g0_3b.jpg;sparse
105_3050_g0_2b.jpg;sparse
10_2659_g1_1b.jpg;dense
10_2709_g0_1b.jpg;sparse
10_2722_g0_1b.jpg;sparse
10_2732_g0_1b.jpg;sparse
119_2005_g0_1b.jpg;sparse
119_2035_g0_1b.jpg;sparse
123_10017_g0_1b.jpg;sparse
123_10021_g0_1b.jpg;sparse
123_8106_g0_1b.jpg;sparse
123_8166_g0_1b.jpg;sparse
123_8186_g0_1b.jpg;sparse
123_8206_g0_1b.jpg;sparse
123_8246_g0_1b.jpg;sparse
123_9861_g0_1b.jpg;sparse
123_9921_g0_1b.jpg;sparse
159_2249_g0_1b.jpg;sparse
159_3418_g0_1b.jpg;sparse
159_3448_g0_1b.jpg;sparse
161_7719_g0_2b.jpg;sparse
161_7789_g1_1b.jpg;sparse
189_1045_g0_4b.jpg;sparse
189_1095_g0_4b.jpg;sparse
189_1215_g0_3b.jpg;sparse
189_1272_g1_1b.jpg;sparse
189_1305_g1_1b.jpg;sparse
189_1426_g1_1b.jpg;sparse
189_1460_g0_1b.jpg;sparse
189_1550_g1_1b.jpg;sparse
189_8495_g0_1b.jpg;sparse
190_1212_g0_1b.jpg;sparse
190_1328_g0_1b.jpg;sparse
190_826_g0_3b.jpg;sparse
191_1023_g0_2b.jpg;sparse
191_1023_g1_1b.jpg;sparse
191_1093_g0_2b.jpg;sparse
191_1134_g0_2b.jpg;sparse
191_1273_g0_2b.jpg;sparse
191_130_g0_2b.jpg;sparse
191_1335_g0_2b.jpg;sparse
191_1417_g0_2b.jpg;sparse
191_1418_g0_2b.jpg;sparse
191_1420_g0_2b.jpg;sparse
191_1523_g0_2b.jpg;sparse
191_683_g0_2b.jpg;sparse
191_863_g1_2b.jpg;sparse
191_903_g0_1b.jpg;sparse
191_90_g0_2b.jpg;sparse
192_1540_g0_4b.jpg;open
192_1688_g0_3b.jpg;sparse
192_2873_g0_1b.jpg;sparse
192_663_g0_4b.jpg;sparse
193_1232_g0_1b.jpg;sparse
193_1511_g0_3b.jpg;sparse
193_1541_g0_2b.jpg;sparse
193_1582_g0_3b.jpg;sparse
193_1672_g0_3b.jpg;sparse
193_1702_g0_3b.jpg;sparse
193_1742_g0_3b.jpg;open
193_1767_g0_2b.jpg;sparse
193_3029_g0_1b.jpg;sparse
193_3069_g0_1b.jpg;sparse
194_1103_g1_1b.jpg;sparse
194_1163_g1_1b.jpg;sparse
194_1287_g0_1b.jpg;sparse
194_1577_g0_1b.jpg;sparse
194_1627_g0_1b.jpg;sparse
194_7328_g1_1b.jpg;sparse
194_7389_g0_1b.jpg;sparse
194_7672_g0_1b.jpg;sparse
194_8073_g0_1b.jpg;sparse
194_8113_g0_1b.jpg;sparse
194_873_g0_1b.jpg;sparse
194_883_g0_1b.jpg;sparse
195_1187_g0_1b.jpg;sparse
195_1246_g0_1b.jpg;sparse
195_1394_g1_1b.jpg;open
195_1423_g2_1b.jpg;sparse
195_1515_g2_1b.jpg;sparse
195_1516_g0_1b.jpg;sparse
195_1775_g0_1b.jpg;sparse
195_7881_g0_1b.jpg;sparse
195_7972_g0_1b.jpg;sparse
195_8031_g0_1b.jpg;sparse
195_8433_g0_1b.jpg;sparse
195_859_g0_1b.jpg;open
195_9908_g0_1b.jpg;sparse
195_9998_g0_1b.jpg;sparse
196_1064_g0_1b.jpg;sparse
196_1331_g2_1b.jpg;sparse
196_1391_g2_1b.jpg;sparse
196_1431_g0_1b.jpg;sparse
196_7504_g0_1b.jpg;sparse
196_7574_g1_1b.jpg;sparse
196_7582_g1_1b.jpg;sparse
196_8029_g0_1b.jpg;sparse
196_8175_g0_1b.jpg;sparse
196_8297_g0_1b.jpg;sparse
196_8337_g0_1b.jpg;sparse
196_8377_g0_1b.jpg;sparse
196_9923_g0_1b.jpg;sparse
197_10056_g0_1b.jpg;sparse
197_1027_g0_1b.jpg;open
197_1057_g0_1b.jpg;sparse
197_1077_g0_1b.jpg;sparse
197_1117_g0_1b.jpg;sparse
197_1467_g1_1b.jpg;sparse
197_1567_g0_1b.jpg;sparse
197_8045_g0_1b.jpg;sparse
197_8325_g0_1b.jpg;sparse
197_8358_g1_1b.jpg;sparse
201_9865_g0_1b.jpg;dense
204_1201_g0_1b.jpg;sparse
204_1219_g0_1b.jpg;sparse
204_1301_g0_1b.jpg;sparse
205_1085_g0_1b.jpg;sparse
205_1115_g0_1b.jpg;sparse
205_1145_g0_1b.jpg;sparse
205_1295_g0_1b.jpg;sparse
205_905_g0_1b.jpg;sparse
206_1028_g0_1b.jpg;sparse
206_1098_g0_1b.jpg;sparse
206_1308_g0_1b.jpg;sparse
206_1348_g0_1b.jpg;sparse
206_948_g0_1b.jpg;sparse
211_10671_g0_1b.jpg;sparse
211_1211_g0_1b.jpg;sparse
211_1215_g0_1b.jpg;sparse
211_1217_g0_1b.jpg;sparse
211_12247_g0_1b.jpg;sparse
211_12297_g0_1b.jpg;sparse
211_12357_g0_1b.jpg;sparse
211_1277_g0_1b.jpg;sparse
211_1337_g0_1b.jpg;sparse
211_1347_g0_1b.jpg;sparse
211_1407_g0_1b.jpg;sparse
211_987_g0_1b.jpg;sparse
212_1041_g0_1b.jpg;sparse
212_1071_g0_1b.jpg;sparse
212_1272_g0_1b.jpg;sparse
212_1352_g0_1b.jpg;sparse
212_1442_g0_1b.jpg;sparse
212_7415_g0_1b.jpg;sparse
212_7555_g0_1b.jpg;sparse
212_961_g0_1b.jpg;sparse
213_1007_g0_2b.jpg;open
213_1095_g0_3b.jpg;sparse
213_1176_g0_2b.jpg;sparse
213_1386_g0_2b.jpg;sparse
213_1466_g0_3b.jpg;sparse
213_1496_g0_2b.jpg;sparse
213_7735_g0_1b.jpg;sparse
213_8141_g0_1b.jpg;sparse
213_8171_g0_1b.jpg;sparse
213_8541_g0_1b.jpg;sparse
215_1043_g0_1b.jpg;sparse
215_1063_g0_1b.jpg;sparse
215_1113_g0_1b.jpg;sparse
215_1123_g0_1b.jpg;sparse
215_1173_g0_1b.jpg;sparse
215_1274_g0_1b.jpg;sparse
248_22495_g0_5b.jpg;sparse
276_2106_g0_1k.jpg;sparse
276_2495_g0_3k.jpg;sparse
276_2505_g0_3k.jpg;sparse
276_2765_g0_1k.jpg;sparse
276_2843_g0_3k.jpg;sparse
276_5593_g0_1k.jpg;open
276_9092_g0_1k.jpg;sparse
277_4446_g0_1k.jpg;sparse
277_4686_g0_1k.jpg;sparse
277_6624_g0_2k.jpg;sparse
277_6760_g0_2k.jpg;sparse
279_2734_g0_1k.jpg;sparse
279_3881_g0_2k.jpg;sparse
279_3905_g0_3k.jpg;sparse
279_4102_g0_4k.jpg;sparse
279_4142_g0_5k.jpg;sparse
279_4275_g0_3k.jpg;sparse
279_4320_g0_1k.jpg;sparse
279_4321_g0_2k.jpg;sparse
279_6001_g0_1k.jpg;sparse
27_1542_g0_1k.jpg;sparse
280_6011_g0_3k.jpg;sparse
282_6326_g0_5k.jpg;sparse
282_6432_g0_5k.jpg;sparse
282_8947_g0_1k.jpg;sparse
282_8957_g0_2k.jpg;sparse
282_8958_g0_2k.jpg;sparse
282_8997_g1_1k.jpg;sparse
282_9026_g0_4k.jpg;sparse
282_9339_g0_2k.jpg;sparse
282_9500_g0_1k.jpg;sparse
283_2497_g0_2k.jpg;sparse
283_2612_g0_2k.jpg;sparse
283_5358_g0_1k.jpg;sparse
283_5480_g0_2k.jpg;sparse
283_5483_g0_2k.jpg;sparse
283_5503_g0_2k.jpg;sparse
283_9724_g0_1k.jpg;sparse
284_2067_g0_1k.jpg;sparse
284_2114_g0_1k.jpg;sparse
284_2277_g0_2k.jpg;sparse
284_2374_g0_2k.jpg;sparse
284_2404_g1_1k.jpg;sparse
284_2614_g1_2k.jpg;sparse
284_2624_g0_2k.jpg;sparse
284_2630_g1_2k.jpg;sparse
284_2640_g0_2k.jpg;sparse
284_2648_g0_2k.jpg;sparse
284_5180_g0_1k.jpg;sparse
284_5205_g0_2k.jpg;sparse
284_9375_g0_2k.jpg;sparse
284_9377_g0_2k.jpg;sparse
284_9407_g0_2k.jpg;sparse
28_1423_g0_1k.jpg;sparse
28_1427_g0_1k.jpg;sparse
28_1438_g0_1k.jpg;sparse
28_1444_g0_1k.jpg;sparse
28_1445_g0_1k.jpg;sparse
28_1452_g0_1k.jpg;sparse
28_1456_g0_1k.jpg;sparse
28_1458_g0_1k.jpg;sparse
28_1463_g0_1k.jpg;sparse
28_1466_g0_1k.jpg;sparse
28_1469_g0_1k.jpg;sparse
28_1478_g0_1k.jpg;sparse
28_1479_g0_1k.jpg;sparse
28_1481_g0_1k.jpg;sparse
28_1484_g0_1k.jpg;sparse
28_1493_g0_1k.jpg;sparse
28_1494_g0_1k.jpg;sparse
28_1496_g0_1k.jpg;sparse
28_1497_g0_1k.jpg;sparse
28_1498_g0_1k.jpg;sparse
28_1515_g0_1k.jpg;sparse
28_1525_g0_1k.jpg;sparse
28_1529_g0_1k.jpg;sparse
28_1536_g0_1k.jpg;sparse
28_1540_g0_1k.jpg;sparse
28_1541_g0_1k.jpg;sparse
28_1544_g0_1k.jpg;sparse
28_1549_g0_1k.jpg;sparse
28_1551_g0_1k.jpg;sparse
28_1555_g0_1k.jpg;sparse
28_1568_g0_1k.jpg;sparse
28_1569_g0_1k.jpg;sparse
28_1578_g0_1k.jpg;sparse
28_1581_g0_1k.jpg;sparse
28_1590_g0_1k.jpg;sparse
28_1591_g0_1k.jpg;sparse
28_1593_g0_1k.jpg;sparse
28_1602_g0_1k.jpg;sparse
28_1603_g0_1k.jpg;sparse
28_1609_g0_1k.jpg;sparse
28_1615_g0_1k.jpg;sparse
28_1623_g0_1k.jpg;sparse
28_1630_g0_1k.jpg;sparse
28_1633_g0_1k.jpg;sparse
31_3622_g0_1k.jpg;dense
31_3662_g0_1k.jpg;sparse
129_1955_g0_2b.jpg;sparse_leafless
134_1452_g0_2l.jpg;sparse_leafless
134_1459_g0_2l.jpg;sparse_leafless
134_1479_g0_2l1k.jpg;sparse_leafless
134_1561_g0_2k2l.jpg;sparse_leafless
134_1566_g0_2k2l.jpg;sparse_leafless
134_1575_g0_3k3l.jpg;sparse_leafless
134_1601_g0_3k.jpg;sparse_leafless
134_1618_g0_2l.jpg;sparse_leafless
134_1623_g0_1l.jpg;sparse_leafless
134_25_g0_1k1l.jpg;sparse_leafless
135_149_g0_1k1l.jpg;sparse_leafless
135_1637_g0_1k.jpg;sparse_leafless
135_169_g0_1k1l.jpg;sparse_leafless
135_1760_g0_1k.jpg;sparse_leafless
135_1859_g0_1k.jpg;sparse_leafless
135_229_g0_1k1l.jpg;sparse_leafless
136_231_g0_3k.jpg;sparse_leafless
136_251_g0_1l1k.jpg;sparse_leafless
137_165_g0_1l1k.jpg;sparse_leafless
137_209_g0_1l.jpg;sparse_leafless
137_269_g0_1l.jpg;sparse_leafless
138_1913_g0_2k.jpg;sparse_leafless
138_1983_g0_2k.jpg;sparse_leafless
138_210_g0_2k1l.jpg;sparse_leafless
138_220_g0_3k1l.jpg;sparse_leafless
138_271_g0_3k.jpg;sparse_leafless
139_154_g1_1k.jpg;sparse_leafless
139_172_g0_2k.jpg;sparse_leafless
139_1841_g0_4k.jpg;sparse_leafless
139_1861_g1_1l1k.jpg;sparse_leafless
139_194_g0_1l1k.jpg;sparse_leafless
139_211_g0_2k.jpg;sparse_leafless
139_224_g0_2k1l.jpg;sparse_leafless
139_284_g0_2k.jpg;sparse_leafless
140_1028_g0_2k.jpg;sparse_leafless
140_1068_g0_2k.jpg;sparse_leafless
140_1118_g0_1k.jpg;sparse_leafless
140_1247_g0_1k.jpg;sparse_leafless
140_1423_g1_2k.jpg;sparse_leafless
140_1537_g1_1k.jpg;sparse_leafless
140_1587_g0_2k1l.jpg;sparse_leafless
140_1597_g0_1k.jpg;sparse_leafless
140_1652_g0_3k.jpg;sparse_leafless
140_1873_g0_1k.jpg;open_leafless
140_1883_g0_1k.jpg;sparse_leafless
140_1973_g1_1k.jpg;sparse_leafless
140_2557_g0_1k.jpg;sparse_leafless
140_2578_g0_1k.jpg;sparse_leafless
140_415_g0_1k.jpg;sparse_leafless
140_422_g0_2k.jpg;sparse_leafless
140_447_g0_1k.jpg;sparse_leafless
140_968_g0_2k.jpg;sparse_leafless
140_988_g0_2k.jpg;sparse_leafless
141_2079_g0_3k.jpg;sparse_leafless
141_2083_g0_1k.jpg;sparse_leafless
141_2719_g0_1k.jpg;sparse_leafless
141_2729_g1_1k.jpg;sparse_leafless
141_2749_g1_1k.jpg;sparse_leafless
141_2799_g0_1k.jpg;sparse_leafless
141_2859_g0_1k.jpg;sparse_leafless
141_2959_g0_1k.jpg;sparse_leafless
141_345_g0_1l.jpg;sparse_leafless
141_365_g0_1l.jpg;sparse_leafless
142_2232_g0_5k1l.jpg;sparse_leafless
142_228_g0_3k.jpg;sparse_leafless
142_2360_g0_2k.jpg;sparse_leafless
142_2361_g0_2k.jpg;sparse_leafless
142_2366_g0_1k.jpg;sparse_leafless
142_3066_g0_1k.jpg;sparse_leafless
142_3130_g0_3k.jpg;sparse_leafless
142_3158_g0_3k.jpg;sparse_leafless
142_3210_g0_4k1l.jpg;sparse_leafless
142_3350_g0_6k1l.jpg;sparse_leafless
142_3370_g0_5k1l.jpg;sparse_leafless
142_338_g0_1k.jpg;sparse_leafless
142_338_g1_1k.jpg;dense_leafless
142_3400_g0_5k3l.jpg;sparse_leafless
142_3503_g0_7k3l.jpg;sparse_leafless
142_3828_g1_1k.jpg;sparse_leafless
142_408_g0_1k.jpg;sparse_leafless
142_4453_g0_7k2l.jpg;sparse_leafless
142_4472_g0_4k2l.jpg;sparse_leafless
142_4483_g0_5k2l.jpg;sparse_leafless
142_4586_g0_6k2l.jpg;sparse_leafless
142_4804_g0_6k1l.jpg;sparse_leafless
142_4814_g1_1k.jpg;sparse_leafless
142_4889_g1_1k.jpg;sparse_leafless
142_5654_g0_4k.jpg;sparse_leafless
142_5950_g0_3k.jpg;sparse_leafless
142_5971_g0_3k.jpg;sparse_leafless
142_5992_g0_2k.jpg;sparse_leafless
155_117_g0_1b.jpg;sparse_leafless
155_1993_g0_1b.jpg;sparse_leafless
155_2033_g0_2b.jpg;sparse_leafless
155_2063_g0_3b.jpg;sparse_leafless
155_2565_g0_1b.jpg;dense_leafless
155_277_g0_2b.jpg;sparse_leafless
155_3435_g0_2b.jpg;sparse_leafless
155_3455_g0_1b.jpg;sparse_leafless
155_3858_g0_1b.jpg;sparse_leafless
155_3918_g0_2b.jpg;sparse_leafless
156_1520_g0_1b.jpg;sparse_leafless
156_1530_g1_2b.jpg;sparse_leafless
156_1534_g0_1b.jpg;sparse_leafless
156_1560_g0_2b.jpg;sparse_leafless
156_2489_g0_2b.jpg;sparse_leafless
156_2512_g0_2b.jpg;sparse_leafless
156_2666_g0_1b.jpg;open_leafless
156_4128_g0_1b.jpg;sparse_leafless
162_7588_g0_2b.jpg;sparse_leafless
162_7616_g0_2b.jpg;open_leafless
162_7618_g0_2b.jpg;sparse_leafless
163_6173_g0_1b.jpg;open_leafless
163_6175_g0_1b.jpg;open_leafless
163_6193_g0_1b.jpg;sparse_leafless
163_6455_g0_3b.jpg;open_leafless
163_6465_g0_5b.jpg;sparse_leafless
163_6475_g0_5b.jpg;sparse_leafless
163_6495_g0_2b.jpg;dense_leafless
163_7530_g0_3b.jpg;sparse_leafless
163_7600_g0_3b.jpg;sparse_leafless
163_7630_g0_3b.jpg;open_leafless
163_8574_g0_1b.jpg;dense_leafless
226_2610_g0_2c.jpg;sparse_leafless
228_11303_g0_1c.jpg;open_leafless
228_11312_g0_1c.jpg;open_leafless
228_11320_g0_1c.jpg;open_leafless
228_11768_g0_1c.jpg;sparse_leafless
228_11792_g0_1c.jpg;sparse_leafless
229_1348_g0_1c.jpg;sparse_leafless
229_2398_g0_1c.jpg;sparse_leafless
229_394_g0_1c.jpg;sparse_leafless
232_771_g0_1k.jpg;sparse_leafless
236_11840_g0_1b.jpg;sparse_leafless
237_11890_g0_1b.jpg;sparse_leafless
237_11907_g0_1b.jpg;sparse_leafless
240_2642_g0_2b.jpg;sparse_leafless
241_11965_g0_3b.jpg;sparse_leafless
241_11985_g0_3b.jpg;sparse_leafless
242_11757_g0_3b.jpg;sparse_leafless
242_11784_g0_2b.jpg;sparse_leafless
242_11963_g0_2b.jpg;dense_leafless
242_12033_g0_1b.jpg;dense_leafless
246_6551_g0_4k3l.jpg;sparse_leafless
246_7041_g0_3l3k.jpg;sparse_leafless
246_7171_g0_3k3l.jpg;sparse_leafless
246_7311_g0_3l1k.jpg;sparse_leafless
246_7403_g0_3k3l.jpg;sparse_leafless
246_7473_g0_2k2l.jpg;sparse_leafless
246_7513_g0_3l2k.jpg;sparse_leafless
246_7733_g0_3l2k.jpg;sparse_leafless
246_7886_g0_2k2l.jpg;sparse_leafless
246_7964_g0_3l3k.jpg;sparse_leafless
246_8036_g0_2k2l.jpg;sparse_leafless
249_3049_g0_1b.jpg;sparse_leafless
250_231_g0_1b.jpg;sparse_leafless
250_261_g0_1b.jpg;sparse_leafless
250_321_g0_1b.jpg;sparse_leafless
250_484_g0_1b.jpg;sparse_leafless
251_3893_g0_10b.jpg;sparse_leafless
251_3900_g0_10b.jpg;sparse_leafless
251_3963_g0_12b.jpg;sparse_leafless
251_4063_g0_11b.jpg;sparse_leafless
251_4079_g0_12b.jpg;sparse_leafless
251_4099_g0_12b.jpg;sparse_leafless
251_4103_g0_12b.jpg;sparse_leafless
251_4142_g0_10b.jpg;sparse_leafless
251_4204_g0_8b.jpg;sparse_leafless
251_5822_g0_3b.jpg;sparse_leafless
251_5939_g0_8b.jpg;sparse_leafless
251_6023_g0_4b.jpg;sparse_leafless
251_6035_g0_11b.jpg;sparse_leafless
252_4249_g0_15b.jpg;sparse_leafless
252_4521_g0_4b.jpg;sparse_leafless
252_6276_g0_2b.jpg;sparse_leafless
252_6347_g0_7b.jpg;sparse_leafless
252_6505_g0_14b.jpg;sparse_leafless
252_6535_g0_15b.jpg;sparse_leafless
17_25647_g0_4b.jpg;sparse_snow
17_26469_g1_1b.jpg;sparse_snow
17_26729_g0_4b.jpg;sparse_snow
17_27325_g0_4b.jpg;sparse_snow
18_2848_g0_1b.jpg;sparse_snow
18_7450_g0_1b.jpg;sparse_snow
18_7465_g0_1b.jpg;sparse_snow
18_7474_g0_1b.jpg;sparse_snow
18_7485_g0_1b.jpg;sparse_snow
21_13402_g0_1b.jpg;sparse_snow
21_9522_g0_1b.jpg;sparse_snow
21_9532_g0_1b.jpg;sparse_snow
224_2098_g0_2c.jpg;sparse_snow
224_2278_g0_3c.jpg;sparse_snow
224_2638_g0_2c.jpg;sparse_snow
224_3097_g0_3c.jpg;sparse_snow
224_4870_g0_1c.jpg;sparse_snow
55_10308_g0_2b.jpg;sparse_snow
55_4522_g0_1b.jpg;sparse_snow
55_4542_g0_2b.jpg;sparse_snow
55_4600_g0_5b.jpg;sparse_snow
55_4640_g0_7b.jpg;sparse_snow
55_4732_g0_3b.jpg;sparse_snow
55_4750_g0_4b.jpg;sparse_snow
55_4795_g0_3b.jpg;sparse_snow
55_4874_g0_6b.jpg;sparse_snow
